<?xml version="1.0" encoding="UTF-8"?>
<root>
  <item name="com.cwb.bleframework.BluetoothLeService boolean startScanningPeripheral(boolean)">
    <annotation name="android.support.annotation.RequiresPermission">
      <val name="allOf" val="{android.Manifest.permission.BLUETOOTH_ADMIN, android.Manifest.permission.BLUETOOTH}" />
    </annotation>
  </item>
  <item name="com.cwb.bleframework.BluetoothLeService void processScanResult(android.bluetooth.le.ScanResult)">
    <annotation name="android.support.annotation.RequiresPermission">
      <val name="allOf" val="{android.Manifest.permission.BLUETOOTH_ADMIN, android.Manifest.permission.BLUETOOTH}" />
    </annotation>
  </item>
  <item name="com.cwb.bleframework.BluetoothLeService void stopScanningPeripheral()">
    <annotation name="android.support.annotation.RequiresPermission">
      <val name="allOf" val="{android.Manifest.permission.BLUETOOTH_ADMIN, android.Manifest.permission.BLUETOOTH}" />
    </annotation>
  </item>
</root>

